Ano,Nome,direcao,genero,produtora,imagem
2015,#Garotas,Alex Medeiros,Ficção,Accorde Filmes,https://media.fstatic.com/RRB8vcZJ4QPRonVOrPzs3qTkOCA=/fit-in/290x478/smart/media/movies/covers/2015/11/garotas-o-filme_tNone.jpg
2015,5x Chico - O Velho e Sua Gente,Ana Rieper/Camilo Cavalcante/Eduardo Goldenstein/Eduardo Nunes/Gustavo Spolidoro,Documentário,3 Tabela Filmes,https://djiby52t9cgpc.cloudfront.net/custom/uploads/2014/07/5Xchico_poster2-695x1024.jpg
2015,A casa de Cecília,Clarissa Appelt,Ficção,Clarissa Appelt,http://br.web.img2.acsta.net/c_215_290/pictures/14/12/19/14/10/122631.jpg
2015,A esperança é a última que morre,Calvito Leal,Ficção,Mpc Filmes,http://www.impawards.com/intl/brazil/2015/posters/esperanca_e_a_ultima_que_morre.jpg
2015,A Estrada 47,Vicente Ferraz,Ficção,Três Mundos Produções,https://encrypted-tbn0.gstatic.com/images?q=tbn:ANd9GcQlNslyvgtQLiDi6zJ9wXgMGPeftqFEH1wEqN9SmjTx9vaAblPZ
2015,A Floresta que se Move,Vinícius Coimbra,Ficção,Globo Filmes,http://br.web.img3.acsta.net/pictures/15/10/23/19/50/300756.jpg
2015,A História da Eternidade,Camilo Cavalcante,Ficção,AC Cavalcante Serviços,http://br.web.img3.acsta.net/pictures/15/03/06/15/07/130372.jpg
2015,A hora e a vez de Augusto Matraga,Vinícius Coimbra,Ficção,Prodigo Films,https://cultura.estadao.com.br/blogs/marcelo-rubens-paiva/wp-content/uploads/sites/111/2019/05/matraga-cartaz-em-baixa-701x1024.jpg
2015,A Lei da Água,André Vilela D'Elia,Documentário,Cinedelia,http://uiadiario.com.br/sp/wp-content/uploads/2015/02/documentário-a-lei-da-água.jpg
2015,A Nação que não Esperou por Deus,Lucia Murat/Rodrigo Hinrichsen,Documentário,Taiga Filmes e Vídeo,http://br.web.img3.acsta.net/pictures/15/04/02/21/38/011565.jpg
2015,A Viagem de Yoani,Peppe Siffredi/Raphael Bottino,Documentário,Sala 12,https://m.media-amazon.com/images/M/MV5BZTAxM2IyYmYtYmRmYy00MzFjLWI3MTYtM2NkODJiNmRkNmFhXkEyXkFqcGdeQXVyNTc4ODY4NDU@._V1_.jpg
2015,A Vida Privada dos Hipopótamos,Maíra Bühler/Matias Mariani,Documentário,Primo Filmes,http://www.vitrinefilmes.com.br/site/wp-content/uploads/2015/11/Cartaz_A-Vida-Privada-dos-Hipopotamos_alta-700x1024.jpg
2015,Alucinados,Roberto Santucci,Ficção,Panorama Filmes,https://static.cineclick.com.br/sites/adm/uploads/banco_imagens/69/1600x2400_1439586929.jpg
2015,"Amor, Plástico e Barulho",Renata Pinheiro,Ficção,Aroma Filmes,http://www.vortexcultural.com.br/images/2015/01/Amor-Plastico-e-Barulho-1.jpg
2015,Anna K.,José Roberto Aguilar,Ficção,Preta Portê Filmes,https://media.fstatic.com/D9JDQAZHxYpHxD8Qw-pM85xLwdg=/fit-in/290x478/smart/media/movies/covers/2015/04/anna-k_t103163.jpg
2015,Aprendi a Jogar com Você,Murilo Salles,Documentário,Cinema Brasil Digital,http://br.web.img3.acsta.net/c_215_290/pictures/15/11/19/13/42/141613.jpg
2015,Aqui Deste Lugar,Fernando Coimbra/Sérgio Machado,Documentário,Gullane,http://br.web.img3.acsta.net/pictures/15/04/29/23/09/419500.jpg
2015,Até que a casa caia,Mauro Giuntini,Ficção,Plateau Filmes,http://www.itaucinemas.com.br/_img/_filmes/1927_capa.jpg?Até-que-a-Casa-Caia
2015,Até que a sorte nos separe 3,Marcelo Antunez/Roberto Santucci,Ficção,Gullane,http://br.web.img3.acsta.net/pictures/15/12/01/12/49/214995.jpg
2015,"Ato, atalho e vento",Marcelo Masagão,Documentário,Um Minuto,https://cinema10.com.br/upload/filmes/filmes_10481_ato1.jpg
2015,Através,André Michiles/Diogo Martins/Fabio Bardella,Ficção,Estrangeira Filmes,http://br.web.img2.acsta.net/pictures/15/09/18/14/42/532586.jpg
2015,Ausência,Chico Teixeira,Ficção,Bossa Nova Films,https://lumefilmes.com/wp-content/uploads/2019/02/CARTAZ-AUSÊNCIA-694x1024.jpg
2015,Batguano,Tavinho Teixeira,Ficção,Vermelho Profundo,http://d26lpennugtm8s.cloudfront.net/stores/842/420/products/batguano-500x5001-3b45f55e1a941012f815424089030777-640-0.jpg
2015,Beira-mar,Filipe Matzembacher/Marcio Reolon,Ficção,Avante Filmes,http://br.web.img3.acsta.net/pictures/15/03/02/22/31/139151.jpg
2015,Bem Casados,Aluizio Abranches,Ficção,Hare Filmes,http://br.web.img2.acsta.net/pictures/15/10/07/16/25/014112.jpg
2015,Betinho - A Esperança Equilibrista,Victor Lopes,Documentário,Documenta Filmes,http://almanaquevirtual.uol.com.br/wp-content/uploads/2015/10/416949.jpg-r_640_600-b_1_D6D6D6-f_jpg-q_x-xxyxx.jpg
2015,Branco Sai Preto Fica,Adirley Queirós,Ficção,Cinco da Norte Cine,http://www.semanadosrealizadores.com.br/site/wp-content/uploads/2014/10/branco-sai-preto-fica.jpg
2015,Califórnia,Marina Person,Ficção,Lauper Films,http://br.web.img3.acsta.net/pictures/15/10/02/19/21/053339.jpg
2015,Caminho de volta,José Joffily/Pedro Rossi,Documentário,Coevo Filmes,http://br.web.img1.acsta.net/pictures/15/10/06/22/33/259204.jpg
2015,Campo de Jogo,Eryk Rocha,Documentário,Filmegraph,http://br.web.img3.acsta.net/pictures/15/03/11/20/37/369013.jpg
2015,Carrossel - O Filme,Alexandre Boury/Mauricio Eça,Ficção,Paris Entretenimento,https://toqe.files.wordpress.com/2016/05/carrossel-o-filme-continuacao.jpg
2015,Casa Grande,Fellipe Gamarano Barbosa,Ficção,Migdal Filmes,https://imovision.com.br/wp-content/uploads/2014/09/Pôster-Casa-Grande-e1550089707464.jpg
2015,Cássia Eller,Paulo Henrique Fontenelle,Documentário,Migdal Filmes,http://statics.livrariacultura.net.br/products/capas_lg/354/42889354.jpg
2015,Cativas - presas pelo coração,Joana Nin,Documentário,Sambaqui Cultural,http://br.web.img2.acsta.net/r_1280_720/pictures/210/386/21038614_20130910175225589.jpg
2015,Cauby - Começaria Tudo Outra Vez,Nelson Hoineff,Documentário,Comalt - Comunicação Alternativa,https://upload.wikimedia.org/wikipedia/pt/b/b1/Caubi.jpg
2015,Chatô - O Rei do Brasil,Guilherme Fontes,Ficção,Guilherme Fontes Filmes,http://br.web.img3.acsta.net/c_215_290/pictures/15/11/11/14/05/186741.jpg
2015,Chico - Artista Brasileiro,Miguel Faria Jr.,Documentário,1001 Filmes,http://br.web.img2.acsta.net/c_215_290/pictures/15/10/01/18/28/222837.jpg
2015,"Cidade de Deus, 10 Anos Depois",Cavi Borges/Luciano Vidigal,Documentário,Berny Filmes,https://www.ancine.gov.br/sites/default/files/Cartaz%20-%20Cidade%20de%20Deus%2C%2010%20anos%20depois.jpg
2015,Circo Voador - A Nave,Tainá Menezes,Documentário,Kanoa Filmes,http://3.bp.blogspot.com/-N4TqzcKCJu8/Vh2vvUGnwMI/AAAAAAAABh8/iCb_UX4yaWM/s1600/circ%2BoMexico.jpg
2015,Condado Macabro,André de Campos Mello/Marcos DeBrito,Ficção,DeBrito Produções Cinematográficas,http://www.fantaspoa.com/2015/resize_imagens/resize_cont_int.php?imagem=Condado_Macabro_-_XI_Festival_Internacional_de_Cinema_Fantastico_de_Porto_Alegre_-_FANTASPOA_2015.jpg&width=240&height=400&tamanho=m&diretorio=filme
2015,Damas do samba,Susanna Lira,Documentário,Modo Operante Produções,https://encrypted-tbn0.gstatic.com/images?q=tbn:ANd9GcSpTNxECCbkKY2fHfF-_3lbgPDbIILkKl-Y60ynCuH0K399NZHs
2015,De Gravata e Unha Vermelha,Miriam Chnaiderman,Documentário,Sequência 1,https://http2.mlstatic.com/de-gravata-e-unha-vermelha-dvd-original-novo-lacrado-raro-D_NQ_NP_705514-MLB27561943682_062018-F.jpg
2015,Depois da Chuva,Cláudio Marques/Marilia Hughes Guerreiro,Ficção,Coisa de Cinema,https://encrypted-tbn0.gstatic.com/images?q=tbn:ANd9GcT2VXV_lVy-c1IxAug080dwjS6DHlS7hbt_4nnhwUJ-YvWwq5gb
2015,Depois de Tudo,Johnny Araújo,Ficção,Casé Filmes,https://www.cafecomfilme.com.br/media/k2/items/cache/b7e6ec0db28d3de1ecb62e22c52c34a8_XL.jpg?t=-62169984000
2015,Divã a 2,Paulo Fontenelle,Ficção,Total Entertainment,http://br.web.img3.acsta.net/pictures/15/02/26/17/12/105047.jpg
2015,Dois Casamentos,Luiz Rosemberg Filho,Ficção,Cavideo Produções,https://media.fstatic.com/Vndv_ah7hNc4lZnTr-NDQ04s_aI=/fit-in/290x478/smart/media/movies/covers/2015/06/dois-casamentos_t111632.jpg
2015,Dromedário no Asfalto,Gilson Vargas,Ficção,Pata Negra,https://www.cafecomfilme.com.br/media/k2/items/cache/7d54a05149da1c5921245d4b50b0fea5_XL.jpg?t=1445055780
2015,"Eduardo Coutinho, 7 de Outubro",Carlos Nader,Documentário,Sesc,https://media.fstatic.com/HD3kfWnRaX8aYJikhimI0fin1mo=/fit-in/290x478/smart/media/movies/covers/2017/08/447603.jpg
2015,Em Três Atos,Lucia Murat,Ficção,Taiga Filmes e Vídeo,http://br.web.img3.acsta.net/r_1280_720/pictures/15/11/25/17/06/343151.jpg
2015,Entrando numa roubada,André Moraes,Ficção,Urca Filmes,http://br.web.img3.acsta.net/c_215_290/pictures/15/08/11/19/10/378304.jpg
2015,Entre Abelhas,Ian SBF,Ficção,Mixer Films,http://br.web.img3.acsta.net/pictures/15/02/02/21/12/434215.jpg
2015,Estranhos,Paulo Alcântara,Ficção,Araçá Azul Cinema e Vídeo,http://www.filmografiabaiana.com.br/arquivos/fotos/1485_estranhos%20cartaz_n.jpg
2015,Eu nunca,Kauê Telloli,Ficção,Saliva Shots,http://2.bp.blogspot.com/-pbzyZBPOmpQ/VfNOTPqjZ7I/AAAAAAAABS8/a4rc9KS9Tb4/s1600/Eu%2Bnunca.jpg
2015,Fala Sério!,Augusto Sevá,Ficção,Albatroz Cinematográfica,http://br.web.img2.acsta.net/c_215_290/pictures/15/03/11/19/58/243407.jpg
2015,Filme sobre um Bom Fim,Boca Migotto,Documentário,Epifania Filmes,http://statics.livrariacultura.net.br/products/capas_lg/450/5175450.jpg
2015,Guitarra Baiana: A Voz do Carnaval,Daniel Talento,Documentário,Tia Maria Filmes,http://br.web.img3.acsta.net/r_1280_720/pictures/16/01/22/14/36/036389.jpg
2015,Hamlet,Cristiano Burlan,Ficção,Bela Filmes,http://imagem.band.com.br/f_303940.jpg
2015,"Hermógenes, Professor e Poeta do Yoga",Bárbara Tavares,Documentário,Bodhgaya Films,http://br.web.img3.acsta.net/r_1280_720/pictures/15/07/22/14/10/249814.jpg
2015,Hipóteses para o amor e a verdade,Rodolfo García Vázquez,Ficção,Os Satyros Cinema,http://br.web.img3.acsta.net/r_1280_720/pictures/15/08/10/15/08/509617.jpg
2015,Homem comum,Carlos Nader,Ficção,Já Filmes,https://m.media-amazon.com/images/M/MV5BZTAwZjk2N2ItOWYxMC00MTM1LTlkMTEtN2Q0MzE4OWU2MTAyXkEyXkFqcGdeQXVyMjM0MTQxNTI@._V1_.jpg
2015,Hysteria,Ava Rocha/Evaldo Mocarzel,Documentário,Casa Azul Produções,http://br.web.img2.acsta.net/c_215_290/pictures/15/12/04/20/24/487833.jpg
2015,Ídolo,Ricardo Calvet,Documentário,Remake Filmes,http://br.web.img3.acsta.net/pictures/14/09/23/19/40/564561.jpg
2015,Infância,Domingos de Oliveira,Ficção,Teatro Ilustre Produções Artísticas,http://br.web.img2.acsta.net/pictures/15/07/21/20/21/023044.jpg
2015,Insubordinados,Edu Felistoque,Ficção,Felistoque Filmes,http://assets.pandorafilmes.com.br/wp-content/uploads/2016/07/insubordinados-cartaz.jpg
2015,Iván,Guto Pasko,Documentário,GP7 Cinema,http://www.testedeaudiencia.com.br/wp/wp-content/uploads/2015/11/cartaz-facebook-outradiag.png
2015,"Jia Zhang-ke, um homem de Fenyang",Walter Salles,Documentário,Videofilmes,https://media.fstatic.com/LFJHAkfaXTadXWbiO5dad4MQ4DU=/fit-in/290x478/smart/media/movies/covers/2015/08/jia-zhang-ke-um-homem-de-fenyang_t108691.jpg
2015,Linda de morrer,Cris D'Amato,Ficção,Migdal Filmes,http://br.web.img3.acsta.net/r_1280_720/pictures/15/08/17/20/41/041261.jpg
2015,Los Hermanos: Esse É Só o Começo do Fim da nossa Vida,Maria Ribeiro,Documentário,Casa na Arvore Produções/Rinoceronte Produções,http://cinemabh.com/wp-content/uploads/2015/06/Los-hermanos-poster.jpg
2015,Loucas pra Casar,Roberto Santucci,Ficção,Glaz Entretenimento,https://brisadavaidade.files.wordpress.com/2015/02/lucas-pra-cesar-poster.jpg
2015,Meia hora e as manchetes que viram manchete,Angelo Defanti,Documentário,Sobretudo Produção,http://br.web.img1.acsta.net/pictures/15/07/15/21/26/059295.jpg
2015,Memórias da Boca,Alfredo Sternheim/Antonio Ciambra/Clery Cunha/Diogo Gomes dos Santos/Diomédio Piskator/José Mojica Marins/Mário Vaz Filho/Valdir Baptista,Documentário,Cumamuê Cinema,https://www.ancine.gov.br/sites/default/files/memorias%20da%20boca.jpg
2015,Metanóia,Miguel Nagle,Ficção,Cia. Palco Del'Arte,https://i.pinimg.com/originals/33/06/88/330688b13171a984ad1d529d9012ff25.jpg
2015,Meu Passado Me Condena 2,Júlia Rezende,Ficção,Atitude Produções,https://www.extra-imagens.com.br/dvdsebluray/FilmeseSeriados/BluRaydeComedia/6932335/300310723/DVD-Meu-Passado-Me-Condena-2-6932335.jpg
2015,Meus Dois Amores,Luiz Henrique Rios,Ficção,Diler & Associados,https://static1.purebreak.com.br/articles/5/11/79/5/@/58082-poster-do-longa-meus-dois-amores-620x0-3.jpg
2015,Muitos Homens num Só,Mini Kerti,Ficção,Tambellini Filmes,http://br.web.img3.acsta.net/pictures/15/05/18/20/51/378631.jpg
2015,Mulheres no poder,Gustavo Acioli,Ficção,Lavoro Produções,https://www.cafecomfilme.com.br/media/k2/items/cache/6d0a1ec133c85b4a83e49f0ce81c43f3_XL.jpg?t=1453568539
2015,Ninguém Ama Ninguém...Por Mais de Dois Anos,Clovis Mello,Ficção,Cine,https://encrypted-tbn0.gstatic.com/images?q=tbn:ANd9GcSKWH8C9086D4tI599dR1PN0pJDU0_LQeOprHR8ugc5oK3V4QfA
2015,"No Meio do Rio, Entre as Árvores",Jorge Bodanzky,Documentário,Jorge Roberto Bodanzky,http://br.web.img3.acsta.net/c_215_290/pictures/15/03/27/15/11/029420.jpg
2015,O Amuleto,Jeferson De,Ficção,Buda Filmes,https://http2.mlstatic.com/dvd-o-amuleto-filme-original-cinema-nacional-bruna-linzmeyer-D_NQ_NP_190825-MLB25504151962_042017-F.jpg
2015,O Dia do Galo,Cris Azzi/Luiz Felipe Fernandes,Documentário,Alicate Conteúdo Audiovisual,https://www.cafecomfilme.com.br/media/k2/items/cache/bdf0551131fb9c6e297c4de0071644c1_XL.jpg?t=1445056038
2015,O Duelo,Marcos Jorge,Ficção,Total Entertainment,http://br.web.img2.acsta.net/c_215_290/pictures/14/07/04/01/41/013742.jpg
2015,O Fim de Uma Era,Bruno Safadi/Ricardo Pretti,Documentário,Daza Filmes,http://br.web.img3.acsta.net/r_1280_720/pictures/14/10/16/22/30/271525.jpg
2015,O Fim e os Meios,Murilo Salles,Ficção,Cinema Brasil Digital,https://cdn.fstatic.com/media/movies/photos/2016/03/o-fim-e-os-meios_t107676.jpg
2015,O Gorila,José Eduardo Belmonte,Ficção,Camisa Treze Cultural,https://cdn.fstatic.com/media/movies/photos/2016/03/o-gorila_t53366.jpg
2015,O Rio nos Pertence,Ricardo Pretti,Ficção,Daza Filmes,http://br.web.img3.acsta.net/c_215_290/pictures/210/382/21038250_20130909155927129.jpg
2015,O Uivo da Gaita,Bruno Safadi,Ficção,Daza Filmes,http://br.web.img2.acsta.net/pictures/210/382/21038261_2013090916074734.jpg
2015,O último cine drive-in,Iberê Carvalho,Ficção,Pavirada Filmes,https://media.fstatic.com/XLhJO1vTEQ2g6isw8OMLg9--1gA=/fit-in/290x478/smart/media/movies/covers/2014/11/o-ultimo-cine-drive-in_t107678.jpg
2015,O Último Poema,Mirela Kruel,Documentário,Besouro Filmes,https://media.fstatic.com/9zY_4vpm37E9pE7O9HP5N909l48=/fit-in/290x478/smart/media/movies/covers/2015/10/o-ultimo-poema_tNone.jpg
2015,O Vendedor de Passados,Lula Buarque de Hollanda,Ficção,Conspiração Filmes,https://encrypted-tbn0.gstatic.com/images?q=tbn:ANd9GcTMwd_RoUVlPh3Xzt5r5fpcwwL9jmJSVR-oayPPMwIY_OssZMIZ
2015,Obra,Gregorio Graziosi,Ficção,Superfilmes,http://br.web.img3.acsta.net/pictures/15/07/15/14/12/189516.jpg
2015,Onde Borges Tudo Vê,Taciano Valério,Ficção,Taciano Valério,http://br.web.img3.acsta.net/pictures/210/291/21029199_20130819210251083.jpg
2015,Operações Especiais,Tomas Portella,Ficção,TC Filmes,https://static1.purebreak.com.br/articles/4/18/30/4/@/91810-cartaz-de-operacoes-especiais-com-620x0-3.jpg
2015,Oração do amor selvagem,Chico Faganello,Ficção,Filmes que voam,https://media.fstatic.com/q-ngoetOGa4reBSnfdAuLsfzetM=/fit-in/290x478/smart/media/movies/covers/2015/12/oracao-do-amor-selvagem_t193319.jpg
2015,Orestes,Rodrigo Siqueira,Documentário,C R Produções,https://media.fstatic.com/4flg7rT00rgdTYNA08cvjMK541w=/fit-in/290x478/smart/media/movies/covers/2016/05/orestes_t122296.jpg
2015,Órfãos do Eldorado,Guilherme Coelho,Ficção,Matizar,http://br.web.img3.acsta.net/pictures/15/10/12/16/48/435079.jpg
2015,Os Maias - Cenas da Vida Romântica,João Botelho,Ficção,Raccord Produções,http://4.bp.blogspot.com/-E6Xo0tBwjVs/VldN1UqMcHI/AAAAAAAAFwM/6XWcYOswKIM/s1600/os%2Bmaias.jpg
2015,Os Tubarões de Copacabana,Rosario Boyer,Ficção,Internacional Produções,https://www.ancine.gov.br/sites/default/files/REDUZIDO%20Os%20Tiburoes%20de%20Copacabana%202015.jpg
2015,Os Últimos Cangaceiros,Wolney Oliveira,Documentário,Bucanero Filmes,http://br.web.img3.acsta.net/pictures/210/068/21006864_20130517203750487.jpg
2015,Osvaldão,Ana Petta/André Michiles/Fábio Bardella/Vandré Fernandes,Documentário,Fundação Maurício Grabois,https://www.pcdobba.org.br/wp-content/uploads/2015/12/cartaz-osvaldao-final-mostra2-FINAL-2015-sem-mostra.jpg
2015,"Ouro, suor e lágrimas",Helena Sroulevich,Documentário,Caribe,https://www.cafecomfilme.com.br/media/k2/items/cache/6a90cca7c7eb6a9c4add1364d879cbc6_XL.jpg?t=1445055167
2015,Passarinho lá de Nova Iorque,Murilo Salles,Documentário,Cinema Brasil Digital,http://br.web.img3.acsta.net/c_215_290/pictures/15/11/19/13/38/052079.jpg
2015,Pauê - O Passo de um Vencedor,Alessandra Pereira/Fabio Cappellini,Documentário,Um Mais Um - Comunicação Em Imagem ,http://br.web.img2.acsta.net/r_1280_720/pictures/15/11/10/20/59/565870.jpg
2015,Paysandú 100 anos de Payxão,Eduardo Albergaria/Gustavo Godinho/Leonardo Edde/Marco André/Priscilla Brasil,Documentário,Urca Filmes,http://br.web.img1.acsta.net/pictures/15/08/28/20/07/389613.jpg
2015,Pequeno dicionário amoroso 2,Mauro Farias/Sandra Werneck,Ficção,Cineluz Produções,https://cdn.cinepop.com.br/2015/07/pequenodicionarioamoroso2_1.jpg
2015,Periscópio,Kiko Goifman,Ficção,Paleo TV,https://cdn.fstatic.com/media/movies/photos/2016/03/periscopio_t77991.jpg
2015,Permanência,Leonardo Lacca,Ficção,CinemaScópio,https://media.fstatic.com/eSuMlwbsN2mChdgh84yN_tT7rRo=/fit-in/290x478/smart/media/movies/covers/2014/09/permanencia_t107571.jpg
2015,Piadeiros,Gustavo Rosa de Moura,Documentário,Mira Filmes,https://media.fstatic.com/tVZf-Y-u_rYynIPTMV1XcureTwg=/fit-in/290x478/smart/media/movies/covers/2015/10/piadeiros_t193322.jpg
2015,Ponte Aérea,Júlia Rezende,Ficção,Morena Filmes,http://idcultural.com.br/wp-content/uploads/2016/03/pa_0002_cartaz_na_rua_22_rs.jpg
2015,Qualquer Gato Vira-lata 2,Marcelo Antunez/Roberto Santucci,Ficção,Tietê Produções,https://static1.purebreak.com.br/articles/6/13/90/6/@/68021--qualquer-gato-viralata-2-ganha-seu-diapo-2.jpg
2015,Quase Samba,Ricardo Targino,Ficção,Bananeira Filmes,http://br.web.img3.acsta.net/c_215_290/pictures/15/05/12/16/55/391563.png
2015,Que horas ela volta?,Anna Muylaert,Ficção,África Filmes/Gullane,https://d1xi64h779br3j.cloudfront.net/400x/smart/filters:format(jpeg):quality(10)/custom/uploads/legado/filmes/794/cartaz_quehora_02_pt-br.png
2015,Real Beleza,Jorge Furtado,Ficção,Casa de Cinema de Porto Alegre,http://br.web.img3.acsta.net/c_215_290/pictures/15/06/17/16/27/001555.jpg
2015,Rio Cigano,Julia Zakia,Ficção,Superfilmes,https://www.papodecinema.com.br/wp-content/uploads/2015/09/20150920-rio-cigano-papo-de-cinema.jpg
2015,Romance Policial,Jorge Durán,Ficção,Deserto Filmes,https://media.fstatic.com/WpQ18cHEClci67BR8P4UL3X-Sp0=/fit-in/290x478/smart/media/movies/covers/2015/04/romance-policial_t98895.jpg
2015,S.O.S Mulheres ao mar 2,Cris D'Amato,Ficção,Ananã Produções,http://statics.livrariacultura.net.br/products/capas_lg/571/42665571.jpg
2015,Samba & Jazz,Jefferson Mello,Documentário,Tremè Produções Artísticas,https://i.pinimg.com/originals/63/b5/f1/63b5f1ae662b7a5d979c89f0c307a7ae.jpg
2015,Sangue Azul,Lírio Ferreira,Ficção,Drama Filmes/Lírio Ferreira,http://eovideolevou.com.br/imgProduto/74803_f1.jpg
2015,Se Deus Vier que Venha Armado,Luis Dantas,Ficção,Plano Geral Produções,"https://m.media-amazon.com/images/M/MV5BMjIxMzQ2Njc5N15BMl5BanBnXkFtZTgwNzU5MTMyNjE@._V1_UY1200_CR90,0,630,1200_AL_.jpg"
2015,"Sorria, Você Está Sendo Filmado - O Filme",Daniel Filho,Ficção,Lereby,http://br.web.img3.acsta.net/c_215_290/pictures/15/03/27/17/19/254765.jpg
2015,Superpai,Pedro Amorim,Ficção,Querosene Filmes,https://media.fstatic.com/AIbj_X5hvtCDGNQee7F1Maq8MF4=/fit-in/290x478/smart/media/movies/covers/2015/03/superpai_t105142.png
2015,Surfar é Coisa de Rico,Guga Sander,Documentário,Sentimental Filme,http://br.web.img3.acsta.net/r_1280_720/pictures/15/02/03/22/13/104498.jpg
2015,Terra Cabocla,Márcia Paraíso/Ralf Tambke,Documentário,Plural Filmes,https://acasadevidro.files.wordpress.com/2017/04/cartazterracaboclabaixa.jpg
2015,Território do Brincar,David Reeks/Renata Meirelles,Documentário,Maria Farinha Filmes,https://videocamp-prod-us.s3.amazonaws.com/uploads/poster_image/image/000/000/002/2/thumb_PosterTDB.jpg
2015,Tomie Ohtake,Hélio Goldsztejn,Documentário,TV Cultura,http://br.web.img2.acsta.net/r_1280_720/pictures/15/12/10/14/19/439759.jpg
2015,Tudo por amor ao cinema,Aurélio Michelis,Documentário,Aurora Filmes/Imagem Ceuvagem,https://media.fstatic.com/xhlgp9xRBvTxdw4FShpvMKNUwtw=/fit-in/290x478/smart/media/movies/covers/2014/04/tudo-por-amor-ao-cinema_tNone.png
2015,Tudo que aprendemos juntos,Sérgio Machado,Ficção,Gullane,https://static.wixstatic.com/media/abcb69_1313354dbe4e4f89960b3d60382bcbad~mv2.jpg
2015,Tudo que Deus Criou,André da Costa Pinto,Ficção,Adriano Lirio/André da Costa Pinto,http://br.web.img3.acsta.net/r_1280_720/pictures/15/01/23/21/46/410300.jpg
2015,Últimas Conversas,Eduardo Coutinho,Documentário,Videofilmes,https://mb.web.sapo.io/bbdec6388d86e6b5f3f4d315bf849675d6d4efcd.jpg
2015,Um filme francês,Cavi Borges,Ficção,Cavideo Produções,https://media.fstatic.com/-ZQ4WXGCn-fmtCu23LkeqOmT5RA=/fit-in/290x478/smart/media/movies/covers/2015/09/um-filme-frances_t191854.jpg
2015,Um Sonho Intenso,José Mariani,Documentário,Andaluz,http://statics.livrariacultura.net.br/products/capas_lg/112/42962112.jpg
2015,Vai que Cola - O Filme,César Rodrigues,Ficção,Conspiração Filmes,http://eovideolevou.com.br/imgProduto/75105_f1.jpg
2015,Vai Vai: 80 Anos nas Ruas,Fernando Capuano,Documentário,Blood Cine,https://media.fstatic.com/5gjOB0aNU-XMSDDFHxTXTu-AEAc=/fit-in/290x478/smart/media/movies/covers/2015/02/vai-vai-80-anos-nas-ruas_t46439.jpg
2015,Zirig Dum Brasília,André Luiz Oliveira,Documentário,abr filmes,http://br.web.img2.acsta.net/c_215_290/pictures/15/07/02/15/17/234157.jpg
2016,1976 - O Ano da Invasão Corinthiana,Alexandre Boechat/Ricardo Aidar,Documentário,Canal Azul,https://statics.livrariacultura.net.br/products/capas_lg/855/46412855.jpg
2016,82 minutos,Nelson Hoineff,Documentário,Comalt - Comunicação Alternativa,http://br.web.img3.acsta.net/c_215_290/pictures/16/08/15/20/58/170165.jpg
2016,A Bruta Flor do Querer,Andradina Azevedo/Dida Andrade,Ficção,Filmes da Lata,https://media.fstatic.com/pkZ0w3NoJltYijUkxuUpGLlhkkY=/fit-in/290x478/smart/media/movies/covers/2016/12/A-Bruta-Flor-do-Querer-2016.jpg
2016,A Despedida,Marcelo Galvão,Ficção,Gatacine,https://www.cafecomfilme.com.br/media/k2/items/cache/7e0feeb0584723e7cfbf97a16fb58574_XL.jpg?t=1473123135
2016,A frente fria que a chuva traz,Neville D'Almeida,Ficção,República Pureza Filmes,http://www.impawards.com/intl/brazil/2016/posters/frente_fria_que_a_chuva_traz_ver2_xlg.jpg
2016,A Loucura entre Nós,Fernanda Fontes Vareille,Documentário,Águas de Março Filmes,http://www.itaucinemas.com.br/_img/_filmes/2199_capa.jpg?A-Loucura-Entre-Nós
2016,A Luneta do Tempo,Alceu Valença,Ficção,Focus Films,http://br.web.img3.acsta.net/pictures/14/10/06/14/51/244206.jpg
2016,A Morte de J.P. Cuenca,João Paulo Cuenca,Ficção,Duas Mariola Filmes,http://www.itaucinemas.com.br/_img/_filmes/2160_capa.jpg?A-Morte-de-J.P.-Cuenca
2016,A Vizinhança do Tigre,Affonso Uchôa,Ficção,Affonso Uchôa,http://br.web.img3.acsta.net/r_1280_720/pictures/16/02/07/11/20/081146.jpg
2016,Abaixando a Máquina 2 – No Limite da Linha,Guillermo Planel,Documentário,Ponto de Equilíbrio Imagens,https://olhave.com.br/wp-content/uploads/2008/11/abaixandoamc3a1quina.jpg
2016,Amor em Sampa,Carlos Alberto Riccelli/Kim Riccelli,Ficção,Pulsar Cinema,https://djiby52t9cgpc.cloudfront.net/custom/uploads/2016/01/Amor-em-sampa_1080x1920_CARTAZ.jpg
2016,Amores Urbanos,Vera Egito,Ficção,Paranoid Filmes,http://br.web.img3.acsta.net/c_215_290/pictures/16/03/17/15/18/038777.jpg
2016,Apaixonados - O Filme,Paulo Fontenelle,Ficção,Total Entertainment,https://http2.mlstatic.com/dvd-apaixonados-o-filme-original--D_NQ_NP_508725-MLB25506102422_042017-F.jpg
2016,Aquarius,Kleber Mendonça Filho,Ficção,CinemaScópio,https://media.fstatic.com/_zaWWavGXR78qcsEJxNkFrcjj6Q=/fit-in/290x478/smart/media/movies/covers/2017/08/7ab80d84c5f300d5758804f3f88e11b0_500x735.jpg
2016,Arminda Lopes — A Estética Além da Dor,Luzimar Batista Stricher,Documentário,Stricher Comunicações,"https://static.wixstatic.com/media/2fcf52_f11573a7467e43feb8a0c53fdffd0f99~mv2_d_2362_3624_s_2.jpg/v1/crop/x_0,y_107,w_2362,h_3517/fill/w_792,h_1180,al_c,q_85,usm_0.66_1.00_0.01/2fcf52_f11573a7467e43feb8a0c53fdffd0f99~mv2_d_2362_3624_s_2.jpg"
2016,Através da Sombra,Walter Lima Junior,Ficção,Casa Forte Produções Artísticas/Cinelândia Produções,http://br.web.img3.acsta.net/c_215_290/pictures/16/01/19/15/38/448286.jpg
2016,Big Jato,Claudio Assis,Ficção,Perdidas Ilusões,https://media.fstatic.com/g0xlgUhPMKe5-8Vsxa1h-FWgpa8=/fit-in/290x478/smart/media/movies/covers/2015/09/big-jato_t98491.jpg
2016,Boi neon,Gabriel Mascaro,Ficção,Desvia,http://br.web.img3.acsta.net/pictures/15/09/08/18/20/470611.jpg
2016,BR 716,Domingos de Oliveira,Ficção,Teatro Ilustre Produções Artísticas,http://carinasacchelli.com.br/wp-content/uploads/2016/12/filme-caio-blat-2.jpg
2016,Brasil Rico - Uma Discussão Sobre Prosperidade,Louise Sottomaior/Maílson da Nóbrega,Documentário,Cultura Maior,http://statics.livrariacultura.net.br/products/capas_lg/081/46458081.jpg
2016,Brasil S/A,Marcelo Pedroso,Ficção,Símio Filmes,http://br.web.img2.acsta.net/c_215_290/pictures/16/08/09/19/54/036068.jpg
2016,Brasil: DNA África,Mônica Amorim Monteiro,Documentário,Cine Group,https://media.fstatic.com/7kH18MePOvYR7t4qgL891Gj7uqk=/fit-in/290x478/smart/media/movies/covers/2018/01/cartaz-brasil_dna.png
2016,Campo Grande,Sandra Kogut,Ficção,Tambellini Filmes,https://www.cafecomfilme.com.br/media/k2/items/cache/0990257def9e36e39ea94b2cedd7baef_XL.jpg?t=1463804655
2016,Canção da Volta,Gustavo Rosa de Moura,Ficção,Lauper Films,http://br.web.img3.acsta.net/pictures/16/09/16/21/53/010549.jpg
2016,Carrossel 2 - O Sumiço de Maria Joaquina,Mauricio Eça,Ficção,Paris Produções,https://images.livrariasaraiva.com.br/imagemnet/imagem.aspx/?pro_id=9346735&qld=90&l=430&a=-1
2016,Charlote SP,Frank Mora,Ficção,Frank Mora,http://www.itaucinemas.com.br/_img/_filmes/2258_capa.jpg?Charlote-SP
2016,"Cícero Dias, o Compadre de Picasso",Vladimir Carvalho,Documentário,Com Domínio Filmes,https://media.fstatic.com/kZI8uU2eiLLMF6saFREZNGmkjao=/fit-in/290x478/smart/media/movies/covers/2016/11/260x365_1478018609.jpg
2016,Cinema Novo,Eryk Rocha,Documentário,Aruac Produções/Coqueirão Pictures,https://cinepop.com.br/wp-content/uploads/2016/10/cinemanovo_1.jpg
2016,Coragem,Sebastião Braga,Documentário,Feel Filmes,http://br.web.img3.acsta.net/c_215_290/pictures/16/10/26/13/55/017198.jpg
2016,Curumim,Marcos Prado,Documentário,Zazen Produções,http://br.web.img2.acsta.net/pictures/16/09/26/15/31/309783.jpg
2016,De Onde Eu Te Vejo,Luiz Villaça,Ficção,Bossa Nova Films,https://djiby52t9cgpc.cloudfront.net/custom/uploads/2016/02/cartaz-de-onde-eu-te-vejo-site.png
2016,Deixe-me viver,Clóvis Vieira,Ficção,CV&F,https://media.fstatic.com/rekLBL5YmNh8p7pI4WP7FFgaPI4=/fit-in/290x478/smart/media/movies/covers/2016/10/260x365_1475185692.jpg
2016,Dentro da Caixinha,Guilherme Reis,Ficção,Postura Digital,http://www.claquete.com/fotos/galeria_fotos/39889.jpg
2016,Desculpe o transtorno,Tomas Portella,Ficção,Gullane,http://www.impawards.com/intl/brazil/2016/posters/desculpe_o_transtorno_ver3.jpg
2016,Do Pó da Terra,Maurício Nahas,Documentário,Notorious Films,http://www.itaucinemas.com.br/_img/_filmes/2270_capa.jpg?Do-Po-da-Terra
2016,É fada!,Cris D'Amato,Ficção,Lereby,http://www.vortexcultural.com.br/images/2017/05/É-Fada.jpg
2016,Ela volta na quinta,André Novais Oliveira,Ficção,Filmes de Plástico,http://br.web.img3.acsta.net/r_1280_720/pictures/14/08/06/16/12/524080.jpg
2016,Elis,Hugo Prata,Ficção,Bravura Cinematográfica,http://www.impawards.com/intl/brazil/2016/posters/elis_ver2.jpg
2016,Em Nome da Lei,Sergio Rezende,Ficção,Morena Filmes,http://www.impawards.com/intl/brazil/2016/posters/em_nome_da_lei.jpg
2016,Entre Idas e Vindas,José Eduardo Belmonte,Ficção,Film Noise,http://dearmel.com.br/wp-content/uploads/2017/01/eidv.jpeg.jpg
2016,Epidemia de Cores,Mário Eugênio Saretta,Documentário,Mário Eugênio Saretta ,http://www.itaucinemas.com.br/_img/_filmes/2255_capa.jpg?Epidemia-de-Cores
2016,Espaço Além - Marina Abramovic e o Brasil,Marco Del Fiol,Documentário,Casa Redonda Produções,https://www.papodecinema.com.br/wp-content/uploads/2016/04/20160425-espaco-alem-papo-de-cinema-03.jpg
2016,Estive em Lisboa e lembrei de você,José Barahona,Ficção,Refinaria Filmes,https://filmspot.com.pt/images/filmes/posters/big/365483_tmdb.jpg
2016,Eu sou Carlos Imperial,Renato Terra/Ricardo Calil,Documentário,Afinal Filmes,http://www.itaucinemas.com.br/_img/_filmes/2026_capa.jpg?Eu-Sou-Carlos-Imperial
2016,Exilados do Vulcão,Paula Gaitán,Ficção,Aruac Produções/Franco Produções e Filmes,https://www.papodecinema.com.br/wp-content/uploads/2013/09/20160425-exilados-do-vulcao-papo-de-cinema-011.jpg
2016,Fome,Cristiano Burlan,Ficção,Bela Filmes,https://m.media-amazon.com/images/M/MV5BMTM2MDgzZTQtNDM1Yi00OTg3LWI0ZmQtODc0MzM2NzY1ZjM1XkEyXkFqcGdeQXVyNjkyNzc0MzI@._V1_.jpg
2016,Futuro Junho,Maria Augusta Ramos,Documentário,Nofoco Filmes,http://br.web.img3.acsta.net/c_215_290/pictures/16/01/24/11/36/249259.jpg
2016,Galinha Pintadinha Mini na Telona,Juliano Prado/Marcos Luporini,Animação,Bromelia Produções,https://ingresso-a.akamaihd.net/img/cinema/cartaz/18307-cartaz.jpg
2016,Geraldinos,Pedro Asbeg/Renato Martins,Documentário,Jacqueline Filmes/Palmares Produções e Jornalismo,https://media.fstatic.com/TMCwFr6gYNojR0pXfWJ5NgA8idc=/fit-in/290x478/smart/media/movies/covers/2015/05/geraldinos_tNone.jpg
2016,Glauco do Brasil,Zeca Brito,Documentário,Anti Filmes/Boulevard Filmes,http://br.web.img3.acsta.net/c_215_290/pictures/16/03/01/17/11/551902.jpg
2016,Hector,Edu Felistoque,Ficção,Felistoque Filmes,https://cdn.fstatic.com/media/movies/photos/2016/03/hector_t195924.jpg
2016,Henry Kayath: O Homem e Seu Tempo,Regina Sueli Bouhid Jehá,Documentário,Lauper Films,http://br.web.img2.acsta.net/r_1280_720/pictures/16/05/02/15/53/074104.jpg
2016,Hestórias da Psicanálise - Leitores de Freud,Francisco Ronald,Documentário,Cabelo Duro,https://media.fstatic.com/YjO9YPeJ8_rAsxoAr9j5o4iSBM0=/fit-in/290x478/smart/media/movies/covers/2016/07/13015324_1068969009827736_1522156853908767057_n.jpg
2016,Histórias de Alice,Oswaldo Caldeira,Ficção,Oswaldo Caldeira Produções Cinematográficas,http://br.web.img3.acsta.net/c_215_290/pictures/16/03/23/21/03/277328.jpg
2016,Invasores,Marcelo Freitas Toledo de Melo,Ficção,Raiz Produções,https://www.rnp.br/sites/default/files/media/cartaz_digital_filme_invasores.jpg
2016,Jaime Lerner - Uma História de Sonhos,Carlos Deiró,Documentário,Deiro Filmes,https://static.cineclick.com.br/sites/adm/uploads/banco_imagens/69/1080x1620_1473197926.jpg
2016,Jonas,Lô Politi,Ficção,Lô Politi,https://www.papodecinema.com.br/wp-content/uploads/2015/10/20161014-jonas-papo-de-cinema-cartaz.jpg
2016,Lua em Sagitário,Márcia Paraíso,Ficção,Plural Filmes,http://br.web.img3.acsta.net/r_1280_720/pictures/16/09/07/02/44/555679.jpg
2016,Mãe só há uma,Anna Muylaert,Ficção,África Filmes,http://www.vitrinefilmes.com.br/site/wp-content/uploads/2016/03/ROSA_Oficial_MSHU_fcbk.png
2016,Magal e os Formigas,Michael Ruman/Newton Cannito,Ficção,Moonshot Pictures,https://upload.wikimedia.org/wikipedia/pt/thumb/b/b8/Magal_e_os_Formigas.jpg/250px-Magal_e_os_Formigas.jpg
2016,Mais Forte que o Mundo - A História de José Aldo,Afonso Poyart,Ficção,Black Maria/Paris Entretenimento,http://www.impawards.com/intl/brazil/2016/posters/mais_forte_que_o_mundo_a_historia_de_jose_aldo.jpg
2016,Maresia,Marcos Guttmann,Ficção,Solar Filmes,https://media.fstatic.com/-IK3I-SvxM2h4f3X41mQazf6v7s=/fit-in/290x478/smart/media/movies/covers/2016/06/maresia_t210035.jpg
2016,Marginal,Alex Miranda/Pedro Caldas,Documentário,Trator Filmes,http://br.web.img2.acsta.net/c_215_290/pictures/16/09/14/15/20/116199.png
2016,Marias,Joana Mariani,Documentário,Primo Filmes,http://vertentesdocinema.com/wp-content/uploads/2015/10/poster-marias.jpg
2016,Mate-me por favor,Anita Rocha da Silveira,Ficção,Bananeira Filmes,http://www.impawards.com/intl/brazil/2016/posters/mate_me_por_favor.jpg
2016,Menino 23 - Infâncias Perdidas no Brasil,Belisario Franca,Documentário,Giros,https://cdn.fstatic.com/media/movies/photos/2016/05/menino-23_t208028.jpg
2016,Meu Amigo Hindu,Hector Babenco,Ficção,HB Filmes,http://br.web.img3.acsta.net/c_215_290/pictures/16/01/21/19/06/139759.jpg
2016,Meu Nome é Jacque,Angela Zoé,Documentário,Documenta Filmes,https://cdn.fstatic.com/media/movies/photos/2016/05/meu-nome-e-jacque_t206904_4FhPeo7.jpg
2016,Miller & Fried - As Origens do País do Futebol,Luiz Ferraz,Documentário,Olé Produções,https://d1xi64h779br3j.cloudfront.net/400x/smart/filters:format(jpeg):quality(10)/custom/uploads/2016/03/cartaz_03_mullerfried_OK.jpg
2016,Minha mãe é uma peça 2,César Rodrigues,Ficção,DiamondBack,http://www.impawards.com/intl/brazil/2016/posters/minha_mae_e_uma_peca_two_o_filme.jpg
2016,Muleque Té Doido 2: A Lenda de Dom Sebastião,Erlanes Duarte,Ficção,Rafaela Gonçalves,https://m.media-amazon.com/images/M/MV5BNDIxNzZiYzYtN2VmMi00NGI1LWI2ZTEtZmY2NGZmYTU2ZDlmL2ltYWdlXkEyXkFqcGdeQXVyNDA1MjIxMA@@._V1_.jpg
2016,Mundo Cão,Marcos Jorge,Ficção,Zencrane Filmes,http://pupilasembrasas.com.br/wp-content/uploads/2016/07/thumb-og-mundocao-1.png
2016,Mundo Deserto de Almas Negras,Ruy Veridiano,Ficção,Heavybunker,https://i.ytimg.com/vi/i3QQltQIhcs/hqdefault.jpg
2016,Nascida de Novo,Mary Grace Hughes,Ficção,Mary Grace Hughes,http://nascidadenovo.com.br/wp-content/uploads/cartaz-do-filme-1.jpg
2016,Nervos de Aço,Maurice Capovilla,Ficção,Saturna Produções,https://media.fstatic.com/oh6SjHavT3TFd_LVyuMYAxmKuPQ=/fit-in/290x478/smart/media/movies/covers/2016/09/260x365_1474400148.jpg
2016,Nise - O Coração da Loucura,Roberto Berliner,Ficção,TV Zero,https://cdn.fstatic.com/media/movies/photos/2016/03/nise-o-coracao-da-loucura_t53751.jpg
2016,No Vermelho,Marcelo Reis,Documentário,Blest - Bagulium Loquo Est,http://br.web.img2.acsta.net/c_215_290/pictures/16/03/15/18/21/017980.png
2016,Nós duas descendo a escada,Fabiano de Souza,Ficção,Rainer Cine,https://media.fstatic.com/4W7qi69Hutd7lF5zqsb7C6xxrlQ=/fit-in/290x478/smart/media/movies/covers/2015/08/nos-duas-descendo-a-escada_t129956.png
2016,Nos Passos do Mestre,André Marouço,Documentário,Mundo Maior Filmes,https://media.fstatic.com/KrTkpQE06-U6VjoeyBsWj1E5H4c=/fit-in/290x478/smart/media/movies/covers/2016/03/nos-passos-do-mestre_t200137.jpg
2016,O Amor de Catarina,Gil Baroni,Ficção,Beija Flor Filmes,http://br.web.img3.acsta.net/c_215_290/pictures/16/11/04/11/30/064427.jpg
2016,O amor no divã,Alexandre Reinecke,Ficção,Tortuga Studios,https://is5-ssl.mzstatic.com/image/thumb/Video52/v4/a8/07/16/a80716c1-dacb-a64d-befa-403bc732cb37/OAMORNODIVA_SOFA_20161130_1417-Poster-PT.lsr/268x0w.jpg
2016,O Ardor,Pablo Fendrik,Ficção,Bananeira Filmes,http://br.web.img3.acsta.net/c_215_290/pictures/15/04/13/11/12/176938.jpg
2016,O Caseiro,Julio Santi,Ficção,Nexus Cinema,http://br.web.img3.acsta.net/c_215_290/pictures/16/05/09/23/51/211017.jpg
2016,O Começo da Vida,Estela Renner,Documentário,Maria Farinha Filmes,https://ocomecodavida.com.br/wp-content/uploads/2016/10/ocdv-cartaz-todos.jpg
2016,O diabo mora aqui,Dante Vescio/Rodrigo Gasparini,Ficção,Marlucco Visão,https://1.bp.blogspot.com/-nxkcHbKGfDM/V3x7aQJYu6I/AAAAAAAAOLE/PSri7UIWBbg5fr_9odtKkCaxHvWWFgeWQCLcB/s1600/Captura%2Bde%2BTela%2B2016-07-06%2Ba%25CC%2580s%2B12.29.11%2BAM.png
2016,O Escaravelho do Diabo,Carlo Milani,Ficção,Dezenove Som e Imagens,http://www.impawards.com/intl/brazil/2016/posters/o_escaravelho_do_diabo.jpg
2016,O Filho Eterno,Paulo Machline,Ficção,Camisa Treze Cultural,http://br.web.img2.acsta.net/pictures/16/10/08/16/41/092580.jpg
2016,O Gigantesco Imã,Petrônio Lorena/Tiago Scorza,Documentário,Mont Serrat Filmes,http://br.web.img2.acsta.net/c_215_290/pictures/14/07/24/19/26/493470.jpg
2016,O Mestre e o Divino,Tiago Campos,Documentário,Vídeo nas Aldeias,http://www.conexaojornalismo.com.br/fotos/mestredivino_link.png
2016,O Outro Lado do Paraíso,André Ristum,Ficção,Mercado Filmes,http://br.web.img2.acsta.net/r_1280_720/pictures/15/08/11/19/28/001538.jpg
2016,O Roubo da Taça,Caito Ortiz,Ficção,Prodigo Films,https://encrypted-tbn0.gstatic.com/images?q=tbn:ANd9GcS09ahYZJtzSSFgErNH1ecadacrHqoEGfsWxBrZmox4ahOskN3g
2016,O Shaolin do Sertão,Halder Gomes,Ficção,ATC Entretenimentos,http://www.impawards.com/intl/brazil/2016/posters/o_shaolin_do_sertao_ver2.jpg
2016,O Signo das Tetas,Frederico Machado,Ficção,Lume Filmes,http://br.web.img3.acsta.net/r_1280_720/pictures/16/02/12/21/54/332800.jpg
2016,O Silêncio do Céu,Marco Dutra,Ficção,Camisa Treze Cultural,http://br.web.img3.acsta.net/r_1280_720/pictures/16/07/22/21/59/430541.jpg
2016,O Touro,Larissa Figueiredo,Documentário,Sto Lat Filmes,http://www.itaucinemas.com.br/_img/_filmes/2237_capa.jpg?O-Touro
2016,O Último Virgem,Felipe Bretas/Rilson Baco,Ficção,Patota Produções,https://i.ytimg.com/vi/sr32YrkCkIU/hqdefault.jpg
2016,O Vendedor de Sonhos,Jayme Monjardim,Ficção,Filmland Internacional,https://i1.wp.com/bodenasala.com/wp-content/uploads/2016/10/o-vendedor-de-sonhos-filme-bode-na-sala1.jpg?fit=684%2C1000
2016,Olympia 2016,Rodrigo Mac Niven,Ficção,Rodrigo Mac Niven,http://br.web.img2.acsta.net/c_215_290/pictures/16/07/20/16/35/182873.jpg
2016,Os dez mandamentos - O filme,Alexandre Avancini,Ficção,Rede Record de Televisão,https://upload.wikimedia.org/wikipedia/pt/thumb/d/d2/Os_Dez_Mandamentos_%282016%29.jpg/250px-Os_Dez_Mandamentos_%282016%29.jpg
2016,Os Inimigos Da Dor,Arauco Hernández,Ficção,Primo Filmes,http://br.web.img3.acsta.net/r_1280_720/pictures/16/04/19/22/08/457972.jpg
2016,Os Outros,Sandra Werneck,Documentário,Cineluz Produções,http://br.web.img3.acsta.net/c_215_290/pictures/16/05/16/20/59/196502.jpg
2016,Os Senhores da Guerra,Tabajara Ruas,Ficção,Walper Ruas Produções,http://br.web.img3.acsta.net/r_1280_720/pictures/16/09/06/20/49/125939.jpg
2016,Os Sonhos de um Sonhador - A História de Frank Aguiar,Caco Milano,Ficção,Nation Filmes,http://br.web.img3.acsta.net/pictures/16/06/07/23/27/244271.jpg
2016,"Palmeiras, o Campeão do Século",Kim Teixeira/Mauro Betting,Documentário,Canal Azul,https://media.fstatic.com/szKMGVKUuI9TsrXhowNlu0ZS2ZY=/fit-in/290x478/smart/media/movies/covers/2018/11/download_GXR8PqT.png
2016,Para Minha Amada Morta,Aly Muritiba,Ficção,Grafo Audiovisual,http://br.web.img2.acsta.net/pictures/16/02/25/14/45/254566.jpg
2016,Paratodos,Marcelo Mesquita,Documentário,Sala 12,https://3.bp.blogspot.com/-CK9V3vMgA_g/V3axJ8z4lhI/AAAAAAAACYM/vnvUalCNplo4bn8WGztvkIJ9Xj8ACPExQCKgB/s1600/FILME%2BPARATODOS.jpg
2016,Paulina,Santiago Mitre,Ficção,Videofilmes,https://diarinho.com.br/arteeopiniao/wp-content/uploads/sites/10/2017/09/paulina-cartaz.jpg
2016,Pequeno Segredo,David Schurman,Ficção,Schurmann Filmes,http://s2.glbimg.com/i7gcGIuPbwuXq73snXxBNUTP7N8=/s.glbimg.com/jo/g1/f/original/2016/09/17/poster-pequeno-segredo.jpg
2016,Ponho a Mão no Fogo,André Amado,Ficção,2A Produções,https://i.ytimg.com/vi/WLUQij_YMwY/maxresdefault.jpg
2016,Ponto Zero,José Pedro Goulart,Ficção,Mínima,http://br.web.img3.acsta.net/pictures/15/08/14/21/04/234990.jpg
2016,Porta dos Fundos - Contrato Vitalício,Ian SBF,Ficção,Porta dos Fundos,http://investimage.com.br/wp-content/uploads/2017/11/contrato-vitalicio-porta-dos-fundos-investimage-site.png
2016,Precisamos Falar do Assédio,Paula Sacchetta,Documentário,Mira Filmes,https://videocamp-prod-us.s3.amazonaws.com/uploads/poster_image/image/000/001/182/1182/thumb_pfa-pt.jpg
2016,Prova de Coragem,Roberto Gervitz,Ficção,M. Schmiedt Produções,https://media.fstatic.com/DsmghMFlspC0aIvUztTxF_z018c=/fit-in/290x478/smart/media/movies/covers/2015/09/prova-de-coragem_t130530.jpg
2016,Quanto Tempo o Tempo Tem,Adriana Dutra,Documentário,Inffinito,http://obviousmag.org/infinito_saber/assets_c/2017/09/filme-thumb-800x1044-170887.jpg
2016,Quem Você Quer Ser Nessa História?,Felipe Britto/Nelli Sampaio/Rodrigo Van Der Put,Documentário,Sant'Ana Filmes,http://br.web.img3.acsta.net/c_215_290/pictures/16/04/04/22/07/228113.jpg
2016,Ralé,Helena Ignez,Ficção,Mercúrio Produções,http://assets.pandorafilmes.com.br/wp-content/uploads/2016/07/Rale.jpg
2016,Reza a Lenda,Homero Olivetto,Ficção,Biônica Filmes/Ouro 21,http://br.web.img3.acsta.net/r_1280_720/pictures/15/09/19/00/22/188075.jpg
2016,"Rondon, o desbravador",Marcelo Santiago/Rodrigo Piovezan,Ficção,Rondon Produções & Filmes,https://media.fstatic.com/EDzhLYM74my_jf-yv0_jX8-3zAE=/fit-in/290x478/smart/media/movies/covers/2016/08/rondon-o-desbravador-2016.jpg
2016,São Paulo em Hi-Fi,Lufe Steffen,Documentário,Cigano Filmes/Lufe Steffen,http://br.web.img3.acsta.net/r_1280_720/pictures/16/05/04/16/47/464420.jpg
2016,São Sebastião do Rio de Janeiro - A Formação de uma Cidade,Juliana de Carvalho,Documentário,Bang Filmes,http://statics.livrariacultura.net.br/products/capas_lg/807/46463807.jpg
2016,Sinfonia da Necrópole,Juliana Rojas,Ficção,Avoa Filmes,https://3.bp.blogspot.com/-DzA4h1rDcrg/V1oQHZDQ45I/AAAAAAAA7rY/2z_dvOAlUG4R8Z7kBELgXX-FdmkVc4SXACLcB/s1600/DSC00193.JPG
2016,Sob Pressão,Andrucha Waddington,Ficção,Conspiração Filmes,http://www.impawards.com/intl/brazil/2016/posters/sob_pressao.jpg
2016,Tamo junto,Matheus Souza,Ficção,Zeugma Produções,https://www.cafecomfilme.com.br/media/k2/items/cache/2c70d279d9b5127d8d40a70ff3990ffa_XL.jpg?t=1478011580
2016,"Teobaldo Morto, Romeu Exilado",Rodrigo de Oliveira,Ficção,Pique-Bandeira Filmes,http://www.filmeb.com.br/sites/default/files/styles/large/public/cartazes/cartaz_teobaldo_baixa.jpg?itok=OwkpTePC
2016,Teresinha,Victor Ribeiro,Documentário,Paris Entretenimento,http://br.web.img3.acsta.net/r_1280_720/pictures/16/12/22/20/08/066183.jpg
2016,Tô ryca!,Pedro Antônio,Ficção,Glaz Entretenimento,http://www.impawards.com/intl/brazil/2016/posters/to_ryca.jpg
2016,Toro,Edu Felistoque,Ficção,Felistoque Filmes,http://br.web.img3.acsta.net/c_215_290/pictures/16/11/22/19/33/184038.jpg
2016,Trago comigo,Tata Amaral,Ficção,Tangerina Entretenimento,http://www.mercosuraudiovisual.org/files/images/cms/inline/464
2016,Travessias,Salete Paulina Machado Sirino,Ficção,Tigre Produções Cinematográficas,http://www.paranaoeste.com.br/media/k2/items/cache/6f7af10029bcf59a35635b8213d55753_XL.jpg
2016,Turbulência,Tiago Venâncio,Ficção,Arthur Vinciprova/Tiago Venâncio,https://cdn.telecineplay.com.br/isl/api/v1/dataservice/ResizeImage/$value?Format=%27jpg%27&Quality=85&ImageId=%27150258%27&EntityType=%27Item%27&EntityId=%276504%27&Width=720&Height=1080&device=web_browser&subscriptions=Anonymous
2016,Um Homem Só,Cláudia Jouvin,Ficção,Giros,http://www.filmesonlinegratis.com/wp-content/uploads/2016/12/ce6adc102b.jpg
2016,Um namorado para minha mulher,Júlia Rezende,Ficção,Paris Entretenimento,http://www.alamedajf.com.br/wp-content/uploads/2016/08/umnovonamorado.jpg
2016,Um Suburbano Sortudo,Roberto Santucci,Ficção,Camisa Listrada,http://br.web.img2.acsta.net/r_1280_720/pictures/16/01/04/19/29/197591.jpg
2016,Uma Loucura de Mulher,Marcus Ligocki Júnior,Ficção,Ligocki Entretenimento,http://br.web.img2.acsta.net/pictures/16/04/26/18/11/105526.jpg
2016,Uma Noite em Sampa,Ugo Giorgetti,Ficção,SP Filmes de São Paulo,https://zipix.com.br/wp-content/uploads/2016/05/noit.jpg
2016,Vai que dá certo 2,Maurício Farias,Ficção,Fraiha Produções,http://br.web.img3.acsta.net/r_1280_720/pictures/15/11/20/13/26/534345.jpg
2016,Vampiro 40º,Marcelo Santiago,Ficção,Canal Brasil,https://media.fstatic.com/NnZP4NsH3p8e-WDjeyLUmHrmknA=/fit-in/290x478/smart/media/movies/covers/2016/05/vampiro-40o_t208552.jpg
2016,Vidas Partidas,Marcos Schetchman,Ficção,Voglia Produções,https://d1xi64h779br3j.cloudfront.net/400x/smart/filters:format(jpeg):quality(10)/custom/uploads/2014/11/poster_Vidas_Partidas_ALTA.jpg
2016,Xingu Cariri Caruaru Carioca,Beth Formaggini,Documentário,4 Ventos Comunicação,https://media.fstatic.com/OnuRPJD35aztifrsX5B0-9tBqf4=/fit-in/290x478/smart/media/movies/covers/2016/09/Xingu_Cariri_Caruaru_Carioca.jpg
2016,Yorimatã,Rafael Saar,Documentário,Dilúvio Produções,https://videocamp-prod-us.s3.amazonaws.com/uploads/poster_image/image/000/001/492/1492/thumb_Cartaz_Yorimatã_alta.jpg
2016,"Zé de Julião, Muito Além do Cangaço",Hermano Penna,Documentário,Luz XXI,https://media.fstatic.com/ykhMSblQWyxphJtCOoPu9S4CnRE=/fit-in/290x478/smart/media/movies/covers/2018/03/zédejuliao.jpg
2016,Zoom,Pedro Morelli,Ficção,O2 Filmes,http://www.impawards.com/intl/brazil/2016/posters/zoom_ver2.jpg
2017,10 Centavos para o Número da Besta,Guillermo Planel,Documentário,Ponto de Equilíbrio Imagens,http://www.centrodeartes.uff.br/wp-content/uploads/2017/11/10-centavos-para-o-nnmero-da-besta.jpg
2017,A cidade onde envelheço,Marília Rocha,Ficção,Anavilhana,https://i0.wp.com/blogpensamentolivre.com.br/wp-content/uploads/2017/02/acidadeondeenvelhec3a7o_capa.jpg?fit=520%2C690&ssl=1
2017,A comédia divina,Toni Venturi,Ficção,Olhar Imaginário,https://d1xi64h779br3j.cloudfront.net/400x/smart/filters:format(jpeg):quality(10)/custom/uploads/2015/02/cartaz-final.jpg
2017,A Família Dionti,Alan Minas,Ficção,Caraminhola Filmes,http://www.itaucinemas.com.br/_img/_filmes/2501_capa.jpg?A-Familia-Dionti
2017,A Filosofia na Alcova,Ivam Cabral/Rodolfo García Vázquez,Ficção,Espaço dos Satyros,http://br.web.img2.acsta.net/c_215_290/pictures/17/11/13/16/42/5484189.jpg
2017,A Finada Mãe da Madame,Bernard Attal,Ficção,Santa Luzia Filmes,http://br.web.img3.acsta.net/c_215_290/pictures/17/08/09/22/31/446677.jpg
2017,A gente,Aly Muritiba,Documentário,Grafo Audiovisual,http://br.web.img2.acsta.net/pictures/17/08/23/18/39/249946.jpg
2017,A Glória e a Graça,Flávio Ramos Tambellini,Ficção,Tambellini Filmes,https://d1xi64h779br3j.cloudfront.net/400x/smart/filters:format(jpeg):quality(10)/custom/uploads/2015/11/cartaz.jpg
2017,A menina índigo,Wagner de Assis,Ficção,Cinética Filmes,http://br.web.img2.acsta.net/pictures/17/08/24/18/00/465450.jpg
2017,A Terra Vermelha,Diego Martinez Vignatti,Ficção,Panda Filmes,http://br.web.img3.acsta.net/c_215_290/pictures/17/06/27/23/50/149234.jpg
2017,Altas expectativas,Alvaro Campos/Pedro Antônio,Ficção,2 Moleques Produções,http://br.web.img2.acsta.net/c_215_290/pictures/17/10/03/14/54/1489813.jpg
2017,Amor.com,Anita Barbosa,Ficção,Total Entertainment,https://razaodeaspecto.com/wp-content/uploads/2017/06/oMs1B6TaVBOw8DFjcOWKr9OqJBW.jpg
2017,Animal Político,Tião,Ficção,Trincheira Filmes,http://br.web.img2.acsta.net/pictures/16/01/30/11/38/529822.jpg
2017,Antes o tempo não acabava,Fábio Baldo/Sergio Andrade,Ficção,Rio Tarumã Films,http://www.centrodeartes.uff.br/wp-content/uploads/2017/11/antes-o-tempo.jpg
2017,Aqualoucos,Victor Ribeiro,Documentário,Paris Entretenimento,https://d1xi64h779br3j.cloudfront.net/400x/smart/filters:format(jpeg):quality(10)/custom/uploads/2017/10/POSTER_AQUALOUCOS_V1.png
2017,As Aventuras do Pequeno Colombo,Rodrigo Gava,Animação,Indiana Produções,https://d1xi64h779br3j.cloudfront.net/400x/smart/filters:format(jpeg):quality(10)/custom/uploads/2013/07/nautilus_cartaz_baixa2.jpg
2017,As duas Irenes,Fabio Meira,Ficção,Roseira Filmes,https://static.cineclick.com.br/sites/adm/uploads/banco_imagens/69/1080x1620_1503507801.jpg
2017,Asco,Ale Paschoalini,Ficção,Ale Paschoalini/Mosquito Project,http://br.web.img3.acsta.net/r_1280_720/pictures/15/09/19/21/15/367781.jpg
2017,Axé: Canto do Povo de Algum Lugar,Francisco Mascarenhas Kertesz,Documentário,Macaco Gordo,https://media.fstatic.com/61r0YPAtXFfp6QqZlc6Ko9hwg9M=/fit-in/290x478/smart/media/movies/covers/2016/10/axe-canto-do-povo-de-um-lugar-2016.jpg
2017,Beduíno,Julio Bressane,Ficção,TB Produções,https://media.fstatic.com/NltwXyDg-tnMg6wGnsQglwX_MyE=/fit-in/290x478/smart/media/movies/covers/2017/05/beduino.jpg
2017,Belo Monte - Um mundo onde tudo é possível,Alexandre Bouchet,Documentário,Globo Filmes,https://d1xi64h779br3j.cloudfront.net/400x/smart/filters:format(jpeg):quality(10)/custom/uploads/2017/03/CARTAZ-BELO-MONTE.jpg
2017,Bingo - O rei das manhãs,Daniel Rezende,Ficção,Gullane,http://www.impawards.com/intl/brazil/2017/posters/bingo_o_rei_das_manhas_ver5.jpg
2017,Bruxarias,Virginia Curiá,Animação,Otto Desenhos Animados,https://cinema10.com.br/upload/filmes/filmes_11506_poster1bruxarias.jpg
2017,Bugigangue no Espaço,Ale McHaddo,Animação,44 Toons,http://br.web.img3.acsta.net/r_1280_720/pictures/17/01/10/20/00/598470.jpg
2017,Bye bye Jaqueline,Anderson Simão,Ficção,O Quadro,http://br.web.img3.acsta.net/c_215_290/pictures/17/11/27/19/21/4224392.jpg
2017,Cada Vez Mais Longe,Eveline Costa/Oswaldo Eduardo Lioi,Ficção,Kadiwéu Cinema/Sequência Filmes,https://ingresso-a.akamaihd.net/img/cinema/cartaz/8827-cartaz.jpg
2017,Café – Um Dedo de Prosa,Maurício Squarisi,Animação,Tupi Desenhos Animados,https://www.ancine.gov.br/sites/default/files/Café%20-%20um%20dedo%20de%20prosa.jpg
2017,Câmara de Espelhos,Dea Ferraz,Documentário,Alumia Produção e Conteúdo,https://media.fstatic.com/VbVcsdqXcdpSKBxcJmCm1B4TvBE=/fit-in/290x478/smart/media/movies/covers/2016/11/92384370c5f28a9df5322dcbb292db41_XL.jpg
2017,"Capoeira, Um Passo a Dois",Jorge Itapuã,Documentário,Daza Filmes,https://media.fstatic.com/znDsQxXpRaUkDv6-AdMy01w6Itk=/fit-in/290x478/smart/media/movies/covers/2017/06/Capoeira_Um_Passo_a_Dois_2016.jpg
2017,Central - O Filme,Renato Nunes Dorneles/Tatiana Sager,Documentário,Panda Filmes,http://www.fmcultura.com.br/download/20170405133518central.jpg
2017,Chocante,Johnny Araújo,Ficção,Casé Filmes,http://br.web.img2.acsta.net/c_215_290/pictures/17/05/23/20/32/428690.jpg
2017,Cidades Fantasmas,Tyrell Spencer,Documentário,Casa de Cinema de Porto Alegre,http://br.web.img3.acsta.net/pictures/17/04/06/18/01/364582.jpg
2017,Cinemagia - A história das videolocadoras de São Paulo,Alan Oliveira,Documentário,LumoLab,https://media.fstatic.com/MIL186qyQawe0IanYRe_JlZ012k=/fit-in/290x478/smart/media/movies/covers/2017/10/22519336_1263114087124041_3481930966665592209_n.png
2017,Clarisse ou Alguma Coisa sobre Nós Dois,Petrus Cariry,Ficção,Iluminura Filmes,https://www.papodecinema.com.br/wp-content/uploads/2015/10/20180411-poster-clarisse-ou-alguma-coisa-sobre-nos-dois-papo-de-cinema.jpg
2017,Com os punhos cerrados,Luiz Pretti/Pedro Diógenes/Ricardo Pretti,Ficção,Alumbramento,https://www.papodecinema.com.br/wp-content/uploads/2017/03/20170313-com-os-punhos-cerrados-papo-de-cinema-cartaz.jpg
2017,Comeback,Erico Rassi,Ficção,Rio Bravo Filmes,http://br.web.img3.acsta.net/pictures/17/05/04/18/48/237636.jpg
2017,Como nossos pais,Laís Bodanzky,Ficção,Buriti Filmes/Gullane,https://www.papodecinema.com.br/wp-content/uploads/2017/02/20170712-como-nossos-pais-papo-de-cinema-cartaz.jpg
2017,Como se tornar o pior aluno da escola,Fabricio Bittar,Ficção,Clube Filmes,https://upload.wikimedia.org/wikipedia/pt/thumb/c/c3/Cartaz_de_Como_se_Tornar_o_Pior_Aluno_da_Escola.jpg/250px-Cartaz_de_Como_se_Tornar_o_Pior_Aluno_da_Escola.jpg
2017,Cora Coralina - Todas as vidas,Renato Barbieri,Documentário,Asacine Produções,http://cartunistasolda.com.br/wp-content/uploads/2018/03/cora-coralina.jpg
2017,Coragem! As muitas vidas de Dom Paulo Evaristo Arns,Ricardo Carvalho,Documentário,TVM Produções,https://media.fstatic.com/jb3GoTRCG6p1tjX6IaK3wOeVD9c=/fit-in/290x478/smart/media/movies/covers/2017/12/1080x1620_1512781297.jpg
2017,Corpo delito,Pedro Rocha,Documentário,Corpo Aberto,http://www.vitrinefilmes.com.br/site/wp-content/uploads/2017/11/corpo_delito_cartaz-724x1024.png
2017,Corpo elétrico,Marcelo Caetano,Ficção,Plateau Produções,https://www.papodecinema.com.br/wp-content/uploads/2017/07/20170726-corpo-eletrico-papo-de-cinema-cartaz.jpg
2017,Cromossomo 21,Alex Pires Duarte,Ficção,Alex Pires Duarte,https://ingresso-a.akamaihd.net/img/cinema/cartaz/19942-cartaz.jpg
2017,Crônica da Demolição,Eduardo Ades,Documentário,Imagem-Tempo/Tela Brasilis,https://media.fstatic.com/kmGuys_mbeLwuh6l32-enkSlf58=/fit-in/290x478/smart/media/movies/covers/2017/04/cronica-da-demolicao.jpg
2017,Danado de Bom,Debby Brennand,Documentário,Mariola Filmes,http://br.web.img2.acsta.net/c_215_290/pictures/16/03/31/19/42/130395.jpg
2017,Deixa na Régua,Emíilio Domingos,Documentário,Osmose Filmes,http://arenacariocadicro.org.br/wp-content/uploads/2018/05/14519714_1145116715554936_5336788889332755708_n.jpg
2017,Deserto,Guilherme Weber,Ficção,Bananeira Filmes,https://i.pinimg.com/originals/28/bc/d9/28bcd90d97a9c8698b13d93b0d957e6f.jpg
2017,Detetives do Prédio Azul,André Pellenz,Ficção,Paris Entretenimento,https://ingresso-a.akamaihd.net/img/cinema/cartaz/19188-cartaz.jpg
2017,Divinas Divas,Leandra Leal,Documentário,Daza Filmes,http://br.web.img2.acsta.net/pictures/17/05/22/16/41/319541.jpg
2017,Divórcio,Pedro Amorim,Ficção,Filmland Internacional,https://www.cafecomfilme.com.br/media/k2/items/cache/09e5614e03d511bf65c929aaef72faf5_XL.jpg?t=1504669971
2017,Do Outro Lado do Atlântico,Daniele Ellery/Márcio Câmara,Documentário,Deberton Entretenimento/Euphemia Produções,http://br.web.img3.acsta.net/pictures/16/11/24/21/53/122196.png
2017,Doidas e Santas,Paulo Thiago,Ficção,Melodrama Produções,http://br.web.img3.acsta.net/c_215_290/pictures/17/07/25/15/46/377400.jpg
2017,"Dolores - Uma Mulher, Dois Amores",Juan Dickinson,Ficção,Valkyria Filmes,https://ingresso-a.akamaihd.net/img/cinema/cartaz/17531-cartaz.jpg
2017,Dona Flor e Seus Dois Maridos,Pedro Vasconcelos,Ficção,Reginaldo Farias Produções,http://br.web.img3.acsta.net/pictures/17/09/19/18/08/0399058.jpg
2017,Duas de Mim,Cininha de Paula,Ficção,Migdal Filmes,https://cdn.telecineplay.com.br/isl/api/v1/dataservice/ResizeImage/$value?Format=%27jpg%27&Quality=85&ImageId=%27157292%27&EntityType=%27Item%27&EntityId=%277631%27&Width=720&Height=1080&device=web_browser&subscriptions=Anonymous
2017,Éden,Bruno Safadi,Ficção,TB Produções,http://br.web.img3.acsta.net/pictures/210/294/21029440_2013082016322369.jpg
2017,El mate,Bruno Kott,Ficção,Filmes de Vagabundo,http://br.web.img2.acsta.net/pictures/16/08/31/16/43/314995.jpg
2017,Elon não acredita na morte,Ricardo Alves Junior,Ficção,Entre Filmes,http://br.web.img2.acsta.net/pictures/17/03/30/20/20/215095.jpg
2017,Encantados,Tizuka Yamasaki,Ficção,Scena Filmes,https://cinema10.com.br/upload/filmes/filmes_3096_posterencatados.jpg
2017,Entre irmãs,Breno Silveira,Ficção,Conspiração Filmes,https://d1xi64h779br3j.cloudfront.net/400x/smart/filters:format(jpeg):quality(10)/custom/uploads/2017/08/lay-entre-irmas-final_media.jpg
2017,Era o Hotel Cambridge,Eliane Caffé,Ficção,Aurora Filmes,http://www.vitrinefilmes.com.br/site/wp-content/uploads/2017/02/eohc_cartaz_final_rev05_port-704x1024.jpg
2017,Estamos vivos,Filipe Codeço,Ficção,Cavideo Produções,http://br.web.img2.acsta.net/pictures/17/05/23/02/45/050015.jpg
2017,Esteros,Papu Curotto,Ficção,Latina Estudio,https://cdn.telecineplay.com.br/isl/api/v1/dataservice/ResizeImage/$value?Format=%27jpg%27&Quality=85&ImageId=%27155671%27&EntityType=%27Item%27&EntityId=%277402%27&Width=720&Height=1080&device=web_browser&subscriptions=Anonymous
2017,Estopô Balaio,Cristiano Burlan,Documentário,Bela Filmes,https://a.ltrbxd.com/resized/film-poster/3/5/2/4/9/5/352495-estopo-balaio-0-230-0-345-crop.jpg?k=68106285c8
2017,Eu fico loko,Bruno Garotti,Ficção,Ananã Produções,http://br.web.img2.acsta.net/pictures/16/12/01/11/34/454817.jpg
2017,Eu Te Levo,Marcelo Müller,Ficção,Academia de Filmes,https://www.cafecomfilme.com.br/media/k2/items/cache/8204cb26d40cc95c13e2817872831930_XL.jpg?t=1490444703
2017,Exodus - De onde vim não existe mais,Hank Levine,Documentário,O2 Filmes,https://media.fstatic.com/fiHem4-hv0cNY7jS3vc4-5xn33U=/fit-in/290x478/smart/media/movies/covers/2017/06/Exodus__De_onde_eu_vim_não_existe_mais_2016.jpg
2017,Fala comigo,Felipe Sholl,Ficção,Syndrome Films,https://cinegarimpo.com.br/wp/content/uploads/2017/07/cinegarimpo_fala-comigo.jpg
2017,"Fala sério, mãe!",Pedro Vasconcelos,Ficção,Camisa Listrada/Focus Films,http://br.web.img3.acsta.net/pictures/17/11/07/12/47/1819757.jpg
2017,Filhos de Bach,Ansgar Ahlers,Ficção,Conspiração Filmes,http://br.web.img3.acsta.net/c_215_290/pictures/15/10/09/13/12/505503.jpg
2017,Fonte da Juventude,Estevão Ciavatta,Documentário,Pindorama Filmes,http://br.web.img3.acsta.net/c_215_290/pictures/17/07/04/04/00/434196.jpg
2017,Gabeira,Moacyr Góes,Documentário,Bufões Produções Artísticas,https://d1xi64h779br3j.cloudfront.net/400x/smart/filters:format(jpeg):quality(10)/custom/uploads/2017/10/cartaz-em-baixa.jpg
2017,Gabriel e a montanha,Felipe Gamarano Barbosa,Ficção,Gamarosa,http://www.itaucinemas.com.br/_img/_filmes/2769_capa.jpg?Gabriel-e-a-Montanha
2017,Galeria F,Emilia Silveira,Documentário,70 Filmes,https://d1xi64h779br3j.cloudfront.net/400x/smart/filters:format(jpeg):quality(10)/custom/uploads/2016/04/Cartaz_Portugues_Versao-final1.jpg
2017,Gosto se discute,André Pellenz,Ficção,Damasco Filmes,https://www.pontofrio-imagens.com.br/dvdsebluray/FilmeseSeriados/BluRaydeComedia/12837101/911688717/dvd-gosto-se-discute-12837101.jpg
2017,"Gostosas, Lindas e Sexies",Ernani Nunes,Ficção,Santa Rita Filmes,http://br.web.img3.acsta.net/pictures/17/03/09/19/13/426334.jpg
2017,Guerra do Paraguay,Luiz Rosemberg Filho,Ficção,Cavideo Produções,https://www.papodecinema.com.br/wp-content/uploads/2016/05/20161021-guerra-do-paraguay-papo-de-cinema-cartaz.jpg
2017,História antes de uma história,Wilson Lazaretti,Animação,Núcleo do Cinema de Animação de Campinas,http://www.cineplayers.com/img/cartazes/30553_poster.jpg
2017,Historietas Assombradas – O Filme,Victor-Hugo Borges,Animação,Glaz Entretenimento,http://br.web.img3.acsta.net/r_1280_720/pictures/17/10/17/17/17/1762854.jpg
2017,Internet - O Filme,Filippo Capuzzi Lapietra,Ficção,Paris Entretenimento,http://br.web.img2.acsta.net/r_1280_720/pictures/16/12/13/15/31/567476.jpg
2017,Intolerância.doc,Susanna Lira,Documentário,Modo Operante Produções,https://ingresso-a.akamaihd.net/img/cinema/cartaz/17445-cartaz.jpg
2017,Introdução à Música do Sangue,Luiz Carlos Lacerda,Ficção,Matinê Filmes,https://img.estadao.com.br/fotos/crop/220x328/divirtase/images/eventos_20170627150917_89c095ef499397ccb5a666285c866cc3.jpg
2017,Invisível,Pablo Giorgelli,Ficção,Punta Colorada de Cinema/Sancho Filmes,https://media.fstatic.com/XlFSw-0BfqtR9pyopDlY5N-spG8=/fit-in/290x478/smart/media/movies/covers/2017/09/invisible_980x1400.jpg
2017,Jesus - A esperança,Semi Salomão,Ficção,Grupo Teatral Mãe do Céu,http://br.web.img3.acsta.net/c_215_290/pictures/17/12/04/20/05/4844998.jpg
2017,"João, o maestro",Mauro Lima,Ficção,Filmes do Equador,https://s.glbimg.com/jo/g1/f/original/blog/65d03c9c-e8c3-42f7-ac30-eaa8c9739809_joaoomaestroposter.jpg
2017,Joaquim,Marcelo Gomes,Ficção,Rec Produtores Associados,https://imagens.publicocdn.com/imagens.aspx/700194?tp=KM&w=220
2017,Jonas e o circo sem lona,Paula Gomes,Documentário,Plano 3 Filmes,http://br.web.img3.acsta.net/pictures/17/02/24/13/13/108147.jpg
2017,La Vingança,Fernando Fraiha,Ficção,Globo Filmes/Querosene Filmes,https://image.tmdb.org/t/p/w342/s4aNLsRTlTGgp8q6zQzWx0s04T1.jpg
2017,Lamparina da Aurora,Frederico Machado,Ficção,Lume Filmes,https://media.fstatic.com/0iCC8MYx4zKIHlK5v-P4xnnSoIw=/fit-in/290x478/smart/media/movies/covers/2017/11/2678815.jpg-r_1920_1080-f_jpg-q_x-xxyxx.jpg
2017,Lino - Uma aventura de sete vidas,Rafael Ribas,Animação,StartAnima,http://statics.livrariacultura.net.br/products/capas_lg/233/2000063233.jpg
2017,Love Film Festival,Bruno Safadi/Juancho Cardona/Manuela Dias/Vinícius Coimbra,Ficção,República Pureza Filmes,https://2.bp.blogspot.com/-1pupPnOST3g/WW2KHFIyUZI/AAAAAAAAQaw/YX0zItMsFT4Q8DwiI2qQs8EzRhhCvoHFwCLcBGAs/s1600/Captura%2Bde%2BTela%2B2017-07-18%2Ba%25CC%2580s%2B00.28.32.png
2017,"Lygia, uma Escritora Brasileira",Hélio Goldsztejn,Documentário,TV Cultura,https://cinema10.com.br/upload/filmes/filmes_12572_posterlygia.jpg
2017,"Macaco Tião, O Candidato do Povo",Alex Levy-Heller,Documentário,Alelo Filmes,https://media.fstatic.com/BUL8Bvvq9KyFofUr8bsS83OFaxE=/fit-in/290x478/smart/media/movies/covers/2018/03/macacotiãocandidatodopovoposter.jpg
2017,Mais do que eu possa me reconhecer,Allan Ribeiro,Documentário,Acalante Filmes,http://br.web.img3.acsta.net/r_1280_720/pictures/15/01/21/19/30/498587.jpg
2017,Malasartes e o duelo com a morte,Paulo Morelli,Ficção,O2 Filmes,https://d1xi64h779br3j.cloudfront.net/400x/smart/filters:format(jpeg):quality(10)/custom/uploads/2015/10/MALASARTES_CARTAZ2.jpg
2017,Mar Inquieto,Fernando Mantelli,Ficção,Verte Filmes,https://www.cafecomfilme.com.br/media/k2/items/cache/5ab9907e735ed3784812c1892a5934ec_XL.jpg?t=-62169984000
2017,Maria - Não esqueça que eu venho dos trópicos,Francisco C. Martins,Documentário,Liligo,http://assets.pandorafilmes.com.br/wp-content/uploads/2017/10/mari-poster-OFICiL-jpg.jpg
2017,Martírio,Ernesto de Carvalho/Tatiana Almeida (Tita)/Vincent Carelli,Documentário,Papo Amarelo,http://br.web.img3.acsta.net/c_215_290/pictures/17/02/09/12/18/234967.jpg
2017,Memória em Verde e Rosa,Pedro Von Krüger,Documentário,Com Domínio Filmes,http://br.web.img3.acsta.net/c_215_290/pictures/17/03/15/17/23/250937.jpg
2017,Meu corpo é político,Alice Riff,Documentário,Studio Riff,https://videocamp-prod-us.s3.amazonaws.com/uploads/poster_image/image/000/000/859/859/thumb_MeuCorpo_CARTAZ.jpg
2017,Meus 15 Anos,Caroline Fioratti,Ficção,Paris Entretenimento,https://static1.purebreak.com.br/articles/1/56/73/1/@/233461-larissa-manoela-conta-mais-sobre-o-enred-diapo-3.jpg
2017,Muito Romântico,Gustavo Jahn/Melissa Dullius,Ficção,Gustavo Jahn/Melissa Dullius,https://www.papodecinema.com.br/wp-content/uploads/2016/10/20161027-muito-romantico-papo-de-cinema-cartaz.jpg
2017,Mulher do Pai,Cristiane Oliveira,Ficção,Okna Produções,http://www.vitrinefilmes.com.br/site/wp-content/uploads/2017/05/Cartaz-Final_web-692x1024.jpg
2017,Não devore meu coração,Felipe Bragança,Ficção,Duas Mariola Filmes,https://djiby52t9cgpc.cloudfront.net/custom/uploads/2016/08/cartaz_naodevoremeucoracao.jpg
2017,"Ninguém entra, ninguém sai",Hsu Chien,Ficção,Caribe,https://i.ytimg.com/vi/l7tqH9fnhDM/hqdefault.jpg
2017,Ninguém está olhando,Julia Solomonoff,Ficção,Taiga Filmes e Vídeo,https://www.papodecinema.com.br/wp-content/uploads/2017/11/20171122-5950963-1.jpg-r_1920_1080-f_jpg-q_x-xxyxx-1.jpg
2017,No intenso agora,João Moreira Salles,Documentário,Videofilmes,https://revistatrip.uol.com.br/upload/2017/11/5a033d66b576a/trip270-salada-moreira-salles-corpo-1.jpg
2017,Nunca me sonharam,Cacau Rhoden,Documentário,Maria Farinha Filmes,https://videocamp-prod-us.s3.amazonaws.com/uploads/poster_image/image/000/000/728/728/thumb_cartaz-digital.png
2017,O Crime da Gávea,André Luiz Warwar,Ficção,MD Produções Artísticas,http://br.web.img3.acsta.net/c_215_290/pictures/17/01/26/13/50/315791.jpg
2017,O Deserto do Deserto,Samir Abujamra/Tito Gonzalez Garcia,Documentário,Ouidah Films,http://br.web.img3.acsta.net/c_215_290/pictures/17/07/31/19/37/382028.jpg
2017,O filme da minha vida,Selton Mello,Ficção,Bananeira Filmes,https://upload.wikimedia.org/wikipedia/commons/thumb/9/95/O_Filme_da_Minha_Vida.jpg/200px-O_Filme_da_Minha_Vida.jpg
2017,O homem que matou John Wayne,Bruno Laet/Diogo Oliveira,Documentário,Guepardo Produções Audiovisuais,http://br.web.img3.acsta.net/pictures/17/08/03/16/43/242288.jpg
2017,O Jardim das Aflições,Josias Teófilo,Documentário,Josias Teófilo,https://upload.wikimedia.org/wikipedia/pt/thumb/d/d7/OJDA.jpg/250px-OJDA.jpg
2017,O ornitólogo,João Pedro Rodrigues,Ficção,Ítaca Films,http://br.web.img2.acsta.net/c_215_290/pictures/16/11/10/16/49/018615.jpg
2017,O piano que conversa,Marcelo Machado,Documentário,MMTV,https://encrypted-tbn0.gstatic.com/images?q=tbn:ANd9GcT8opDGbxbP_QJ2hxge-q-YRN3nPIPV_LRcDntLuDA88u-kO17E
2017,O Profeta das Águas,Leopoldo Nunes,Documentário,Leopoldo Nunes,http://br.web.img3.acsta.net/c_215_290/medias/nmedia/18/88/79/87/20005475.jpg
2017,O Rastro,J. C. Feyer,Ficção,Lupa Filmes,https://kinoglazsite.files.wordpress.com/2017/05/o-rastro-cartaz.jpg?w=1400&h=9999
2017,Olhando para as estrelas,Alexandre Peralta,Documentário,A. I. Peralta Produções Cinematográficas,http://br.web.img3.acsta.net/r_1280_720/pictures/17/10/16/16/08/2421596.jpg
2017,Olhar Instigado,Chico Gomes/Felipe Lion,Documentário,Biondani Produções,https://cdn.falauniversidades.com.br/wp-content/uploads/2017/12/FOTO-IV.jpg
2017,On yoga - Arquitetura da paz,Heitor Dhalia,Documentário,Paranoid Filmes/Urso Filmes,https://ingresso-a.akamaihd.net/img/cinema/cartaz/20259-cartaz.jpg
2017,Os parças,Halder Gomes,Ficção,Formata Produções,http://br.web.img3.acsta.net/pictures/17/10/26/17/22/1128520.jpg
2017,Os Penetras 2 - Quem dá mais?,Andrucha Waddington,Ficção,Conspiração Filmes,https://media.fstatic.com/v6tfkSqL8VMd9gLG8RE2l0D4hJQ=/fit-in/290x478/smart/media/movies/covers/2017/01/213595.jpg-r_1920_1080-f_jpg-q_x-xxyxx.jpg
2017,Os Pobres Diabos,Rosemberg Cariry,Ficção,Cariri Filmes,http://www.cinebrasil.tv/fotosProgramas/OSPOBRESDIABOS/OsPobresDiabos_02.jpg
2017,Os Saltimbancos Trapalhões - Rumo a Hollywood,João Daniel Tikhomiroff,Ficção,Mixer Films,https://a-static.mlcdn.com.br/618x463/os-saltimbancos-trapalhoes-rumo-a-hollywood-filme-dvd-som-livre/somlivre/1998-9/2f18c427e157a78c02c13c60fe975647.jpg
2017,Os Transgressores,Luis Erlanger,Documentário,Cinética Filmes,http://statics.livrariacultura.net.br/products/capas_lg/134/2000068134.jpg
2017,Para além da curva da estrada,Guilherme Azevedo,Documentário,Avexi Filmes,https://d1xi64h779br3j.cloudfront.net/400x/smart/filters:format(jpeg):quality(10)/custom/uploads/2017/02/CARTAZ_PACE_60X80_6_LOUROS_O2PLAY_NOVO2.jpg
2017,"Pedro Osmar, prá liberdade que se conquista",Eduardo Consonni/Rodrigo T. Marques,Documentário,Complô,https://ingresso-a.akamaihd.net/img/cinema/cartaz/18409-cartaz.jpg
2017,Pendular,Julia Murat,Ficção,Esquina Filmes,https://upload.wikimedia.org/wikipedia/pt/thumb/e/e0/Pendular_%28filme%29.jpg/200px-Pendular_%28filme%29.jpg
2017,Pitanga,Beto Brant/Camila Pitanga,Documentário,Drama Filmes,https://d1xi64h779br3j.cloudfront.net/400x/smart/filters:format(jpeg):quality(10)/custom/uploads/2015/12/1-pitanga-cartaz-drama-63x93-alterado-04-de-outubro-v2-com-indicacao-.jpg
2017,Polícia Federal - A lei é para todos,Marcelo Antunez,Ficção,New Group Cine & TV/Raconto Filmes,http://statics.livrariacultura.net.br/products/capas_lg/950/2000067950.jpg
2017,Por Trás do Céu,Caio Soh,Ficção,Caio Soh/Elixir Entretenimento,https://cdn.telecineplay.com.br/isl/api/v1/dataservice/ResizeImage/$value?Format=%27jpg%27&Quality=85&ImageId=%27151958%27&EntityType=%27Item%27&EntityId=%276806%27&Width=720&Height=1080&device=web_browser&subscriptions=Anonymous
2017,Por Um Punhado de Dólares - Os Novos Emigrados,Leonardo Dourado,Documentário,Telenews,https://abrilvejasp.files.wordpress.com/2017/03/por-um-punhado-de-dc3b3lares-os-novos-emigrados.jpg?quality=70&strip=info&w=434
2017,Quando o galo cantar pela terceira vez renegarás tua mãe,Aaron Salles Torres,Ficção,Georgois Filmes,http://br.web.img2.acsta.net/c_215_290/pictures/17/10/18/12/02/2010679.jpg
2017,Quem é Primavera das Neves,Ana Luiza Azevedo/Jorge Furtado,Documentário,Casa de Cinema de Porto Alegre,https://d1xi64h779br3j.cloudfront.net/400x/smart/filters:format(jpeg):quality(10)/custom/uploads/2016/12/primaveradasneves.png
2017,Real - O Plano por Trás da História,Rodrigo Bittencourt,Ficção,Lighthouse São Paulo,https://images.livrariasaraiva.com.br/imagemnet/imagem.aspx/?pro_id=9915853&qld=90&l=430&a=-1
2017,Redemoinho,José Luiz Villamarim,Ficção,Bananeira Filmes/José Luiz Villamarim,https://djiby52t9cgpc.cloudfront.net/custom/uploads/2016/05/Redemoinho-Cartaz-690x1024.jpg
2017,Rifle,Davi Pretto,Ficção,Tokyo Filmes,https://encrypted-tbn0.gstatic.com/images?q=tbn:ANd9GcQZ_hXkAV3hvl_jXMTTPZfmj3ueH8XMFWFgp-lZRhMUbMK6b8SN
2017,"Rosemberg - Cinema, Colagem e Afetos",Cavi Borges/Christian Caselli,Documentário,Cavideo Produções,https://vertentesdocinema.com/wp-content/uploads/2017/06/Rosemberg-poster-2.jpg
2017,Rúcula com tomate seco,Arthur Vinciprova,Ficção,Maiss Entretenimento/Venkon Produções,https://www.cafecomfilme.com.br/media/k2/items/cache/34a484259407eaebc0e23d9b1fa61d26_XL.jpg?t=1526217143
2017,Santo Amaro era skatista,Felipe Martins,Documentário,Documenta Filmes,https://d1xi64h779br3j.cloudfront.net/400x/smart/filters:format(jpeg):quality(10)/custom/uploads/2017/02/Skatista4.jpg
2017,Sepultura Endurance,Otavio Juliano,Documentário,Interface Filmes,http://br.web.img2.acsta.net/c_215_290/pictures/17/05/02/23/04/141360.jpg
2017,Silêncio no estúdio,Emilia Silveira,Documentário,Modo Operante Produções,https://d1xi64h779br3j.cloudfront.net/400x/smart/filters:format(jpeg):quality(10)/custom/uploads/2017/12/poster_65x95_layers_premios2017.jpg
2017,"Sinais de Cinza, A Peleja de Olney Contra o Dragão da Maldade",Henrique Dantas,Documentário,Hamaca Filmes/Henrique Gilberto Mendes Dantas,https://media.fstatic.com/tg5tktEqqHT33A-XLde1eib6z50=/fit-in/290x478/smart/media/movies/covers/2015/11/sinais-de-cinza-a-peleja-de-olney-contra-o-dragao-da-maldade_tNone.jpg
2017,Soundtrack,Bernardo Dutra/Manitou Felipe,Ficção,Ananã,http://br.web.img3.acsta.net/pictures/17/05/16/18/39/118056.jpg
2017,Taego Ãwa,Henrique Borela/Marcela Borela,Documentário,F64 Filmes,http://www.itaucinemas.com.br/_img/_filmes/2542_capa.jpg?Taego-Awa
2017,"TOC - Transtornada, Obsessiva, Compulsiva",Paulinho Caruso/Teodoro Poppovic,Ficção,Biônica Filmes,https://i.ytimg.com/vi/QioA3h_J6GQ/hqdefault.jpg
2017,Todas as cores da noite,Pedro Severien,Ficção,Orquestra Cinema Estúdios,http://www.inquietacine.com.br/wp-content/uploads/2016/09/CARTAZ-OFICIAL_TCN_subpasta.jpg
2017,Todas as Manhãs do Mundo,Lawrence Wahba/Tatiana Lohmann,Documentário,Canal Azul,http://br.web.img2.acsta.net/r_1280_720/pictures/17/03/13/20/04/537128.jpg
2017,Todas as meninas reunidas vamos lá,Carol Fernandes,Documentário,Paris Entretenimento,http://br.web.img2.acsta.net/c_215_290/pictures/17/12/07/14/40/3246969.jpg
2017,Todos,Luiz Alberto Cassol/Marilaine Castro da Costa,Documentário,Accorde Filmes,https://static1.squarespace.com/static/5bc8cf6994d71ac4164fb162/t/5bdb2da24ae237cd89fa61a3/1541090761078/CARTAZ_TODOS_64X90-01.jpg?format=750w
2017,Travessia,João Gabriel,Ficção,Zona de Produção,http://www.cultura.ba.gov.br/arquivos/Image/filmetravessia.jpg
2017,Tudo é projeto,Joana Mendes da Rocha/Patricia Rubano,Documentário,Olé Produções,http://br.web.img3.acsta.net/r_1280_720/pictures/17/12/07/14/16/5988136.jpg
2017,Um Casamento,Mônica Simões,Documentário,Klaxon Cultura Audiovisual,http://br.web.img3.acsta.net/c_215_290/pictures/17/04/04/19/29/028887.jpg
2017,Um filme de cinema,Walter Carvalho,Documentário,República Pureza Filmes,http://br.web.img3.acsta.net/r_1280_720/pictures/15/09/17/00/07/145138.jpg
2017,Um Tio Quase Perfeito,Pedro Antônio,Ficção,Morena Filmes,https://payload.cargocollective.com/1/10/348129/13059465/777-Um-Tio-Quase-Perfeito_670.jpg
2017,Vazante,Daniela Thomas,Ficção,Cisma Produções/Dezenove Som e Imagens,https://d1xi64h779br3j.cloudfront.net/400x/smart/filters:format(jpeg):quality(10)/custom/uploads/2016/06/cartaz.jpeg
2017,Vermelho Russo,Charly Braun,Ficção,Guinle Produções,https://www.tresdesign.com.br/novoteste/wp-content/uploads/2016/11/vermelho_russo_tresdesign-2.jpg
2017,Viva o cinema!,Paulo Pastorelo,Documentário,Ebisu Filmes,http://br.web.img2.acsta.net/c_215_290/pictures/17/08/15/17/51/242757.jpg
2017,Waiting for B.,Abigail Spindel/Paulo Cesar Toledo,Documentário,Popcon/Videosfera,http://br.web.img2.acsta.net/c_215_290/pictures/16/10/14/16/46/352008.jpg
2017,Yvone Kane,Margarida Cardoso,Ficção,Mpc Filmes,http://www.midas-filmes.pt/uploads/imagens/646159163_325215290416.jpg
